[easy][normal][high][hard][legend]

// 탑승펫 :: 스킬 2개 보유 (패시브 속성)
// 펫 :: 기본공격, 스킬 2개 보유 (디버프 1개(공격시 일정확률로 발동), 버프 1개)
// 하수인 :: 기본공격, 스킬 2개 보유 (사냥형 - 공격스킬 2개, 채집형 - 채집스킬 2개)

"familiars":[
		"mounts":[
				"mount":{
					"name"	:"프람펀트",
					"species"	:"beast",
					"trainGrade"	:"high",
					"desc"	: "오로라행성에 사는 거대한 초식동물로 어마어마한 양의 프람가스를 분출한다. 특수능력 [지진][돌진][보호]",
					"skills":[ "skill":"지진",
							"skill":"돌진",
							]}
						
					]
		"pets":[					
				"pet":{
					"name"	:"숲요정",
					"species"	:"nature",
					"trainGrade"	:"easy",
					"desc"	: "정령의 숲에 사는 요정, 쉽게 길들일 수 있다. 특수능력 [수면][자연의 힘]",
					"skills":[ "skill":"수면",
							"skill":"자연의 힘"
							]}
				]
		"servants":[
				"servant":{
					"name"	:"어린가지엔트",
					"species"	:"nature",
					"trainGrade"	:"high",
					"desc"	: "정령의 숲에 사는 엔트, 나이가 어려서 공격적이다. 공격보조로 사용된다. 특수능력 [바위던지기][뿌리감기]",
					"skills":[ "skill":"바위던지기",
							"skill":"뿌리감기"
							]}
					]
		  ]